<?xml version="1.0" encoding="UTF-8"?>
<beans xmlns="http://www.springframework.org/schema/beans"
       xmlns:xsi="http://www.w3.org/2001/XMLSchema-instance"
       xsi:schemaLocation="http://www.springframework.org/schema/beans
    http://www.springframework.org/schema/beans/spring-beans.xsd">

    <!-- name="service" fait référence à l'service  repository dans MovieController

    Ici j'injecte dans mon controller le service
    -->
    <bean class="org.mycompany.bluraystore.controller.MovieController">
        <property name="service" ref="service"/>
    </bean>

    <!-- name="repository" fait référence à l'attribut  repository dans DefaultMovieService

    Ici j'injecte dans mon service le repository
    -->
    <bean id="service" class="org.mycompany.bluraystore.service.DefaultMovieService">
        <property name="repository" ref="repository"/>
    </bean>

    <!-- Ici donc j'instancie ma classe -->
    <bean id="repository" class="org.mycompany.bluraystore.repository.FileMovieRepository">
        <!-- Application des modifications pour l'exercice 6 :) -->
        <property name="file" value="/Users/samihhabbani/Documents/spring_boot/movies.csv"/>
    </bean>
    

</beans>