<?xml version="1.0" encoding="UTF-8"?>
<beans xmlns="http://www.springframework.org/schema/beans"
       xmlns:xsi="http://www.w3.org/2001/XMLSchema-instance"
       xsi:schemaLocation="http://www.springframework.org/schema/beans
    http://www.springframework.org/schema/beans/spring-beans.xsd">

    <bean id="invoiceService" class="com.company.invoice.service.InvoiceServicePrefix">
        <!-- Ici j'injecte la dépendance dans l'attribut repository de la classe InvoiceServicePrefix -->
        <!-- ref="invoiceRepository" fait référénce à id="invoiceRepository" (référence du composant à injecté qui a été instancié plus en bas) -->
        <property name="repository" ref="invoiceRepository"/>

        <!-- A expliquer dans un second temps quand on parle de 'Affectation d'une valeur à une propriété 
            ci-dessous on a deux primitifs different et l'operaiton va fonctionner avec la plus par des types primitifs mais aussi avec d'autre types d'objets comme l'objet File
            qui permettra de préciser ou se trouve un fichier
        -->
        <property name="lastNumber" value="112"/>
        <property name="prefix" value="NUM_"/>

        <!-- Si je voulais passer ce fichier il faudra juste le récupérer dans InvoiceServicePrefix via un attribut de type File -->
        <property name="fichier" value="C:\\temp\\file.txt"/>
    </bean>

    <!-- dans le controller j'ai une référence vers le service -->
    <bean class="com.company.invoice.controller.InvoiceControllerWeb">
        <!-- Ici, name="service" fait référence à la propriété service présente dans InvoiceControllerWeb
           Ce qu'il se passe c'est que spring va appeler le setter de InvoiceControllerWeb pour setter le service dedans
           -> injection de dépendance encore une fois
           -> et et j'ai mis un id à mon service pour faire le lien

           Pour info il faut donc que InvoiceControllerWeb dispose d'un setter au format Java Bean, et c'est l'idée avec les balises
           bean présentes dans ce xml

           Je n'ai pas ajouté d'id au controller car il n'est pas utilisé, l'id est donc pas obligatoire
        -->
        <property name="service" ref="invoiceService"/>
    </bean>

    <!-- Ici en faisant ça j'instancie cette classe
     dans sont graph en mémoire, je l'indexe avec son id invoiceRepository
     cela me permettra de l'injecter par exemple dans InvoiceServicePrefix
     -->
    <bean id="invoiceRepository" class="com.company.invoice.repository.InvoiceRepositoryDataBase"/>
    

</beans>