<?xml version="1.0" encoding="UTF-8"?>
<beans xmlns="http://www.springframework.org/schema/beans"
       xmlns:context="http://www.springframework.org/schema/context"
       xmlns:xsi="http://www.w3.org/2001/XMLSchema-instance"
       xsi:schemaLocation="http://www.springframework.org/schema/beans
    http://www.springframework.org/schema/beans/spring-beans.xsd
    http://www.springframework.org/schema/context
    http://www.springframework.org/schema/context/spring-context.xsd">

    <context:annotation-config />
    <context:property-placeholder location="classpath:application.properties"/>

    <!-- Pas une bonne pratique -->
    <!--<context:component-scan base-package="com.mycompany.invoice"/> -->

    <!-- Va instancier ces classes la, ou le scan de l'application démarre -->
    <context:component-scan base-package="com.mycompany.invoice.controller.web"/>
    <context:component-scan base-package="com.mycompany.invoice.service.prefix"/>
    <context:component-scan base-package="com.mycompany.invoice.repository.memory"/>

    <!-- <bean class="com.mycompany.invoice.service.prefix.InvoiceServicePrefix" ></bean>
    <bean class="com.mycompany.invoice.controller.web.InvoiceControllerWeb"></bean>
    <bean class="com.mycompany.invoice.repository.memory.InvoiceRepositoryMemory"/> -->

</beans>