<?xml version="1.0" encoding="UTF-8"?>
<beans xmlns="http://www.springframework.org/schema/beans"
       xmlns:xsi="http://www.w3.org/2001/XMLSchema-instance"
       xsi:schemaLocation="http://www.springframework.org/schema/beans
    http://www.springframework.org/schema/beans/spring-beans.xsd" default-autowire="byType">

    <!--

    Ici spring exploite le type des attributs
    Dans InvoiceControllerWeb, il va tomber sur l'attribut service, qui attend un type InvoiceServiceInterface
    Et il va regarder si dans mon fichier xml j'ai une classe compatible avec cette interface, ici InvoiceServicePrefix l'est alors il va l'injecter

    Ici j'ai pu enlevé tous mes id, je n'en ai plus besoin
    C'est plus simple oui et non, car maintenant tu ne sais plus ce qui est injecté dans tes beans
    Pour le savoir faut rentrer dans les classes pour voir le type des attributs déclarés
    Pas forcément évident

    Heureusement pour nous, utiliser un fichier xml ne sera pas forcèment obligatoire pour la suite

    -->

    <bean class="com.mycompany.invoice.service.prefix.InvoiceServicePrefix" >

    <property name="lastNumber" value="112" />
        <property name="prefix" value="NUM_" />
        <property name="file" value="C\\temp\\monfichier.csv" />
    </bean>

    <bean class="com.mycompany.invoice.controller.web.InvoiceControllerWeb">
    </bean>

    <bean class="com.mycompany.invoice.repository.memory.InvoiceRepositoryMemory"/>

</beans>