<?xml version="1.0" encoding="UTF-8"?>
<beans xmlns="http://www.springframework.org/schema/beans"
       xmlns:xsi="http://www.w3.org/2001/XMLSchema-instance"
       xsi:schemaLocation="http://www.springframework.org/schema/beans
    http://www.springframework.org/schema/beans/spring-beans.xsd" default-autowire="byName">

    <!-- Si toutes me beans fonctionnement avec un autowire by Name, je peux le préciser directement sur le parent -->

    <!-- ic j'ai renomé l'id en service pour qu'il est le même nom que l'attribut service de InvoiceControllerWeb-->
    <!--<bean id="service" class="com.company.invoice.service.InvoiceServicePrefix" autowire="byName"> -->
    <bean id="service" class="com.company.invoice.service.InvoiceServicePrefix">
        <!-- Puis qu'ici ils sont identiques je peux m'en passer en précisant l'attribut de la ligne du dessus -->
        <!-- <property name="repository" ref="repository"/> -->

        <property name="lastNumber" value="112"/>
        <property name="prefix" value="NUM_"/>
        <property name="fichier" value="C:\\temp\\file.txt"/>
    </bean>

    <!--<bean class="com.company.invoice.controller.InvoiceControllerWeb" autowire="byName"> -->
    <bean class="com.company.invoice.controller.InvoiceControllerWeb">
        <property name="service" ref="service"/>
    </bean>

    <!-- ic j'ai renomé l'id en repository pour qu'il est le même nom que l'attribut repository de InvoiceServicePrefix-->
    <bean id="repository" class="com.company.invoice.repository.InvoiceRepositoryDataBase"/>
    

</beans>