<?xml version="1.0" encoding="UTF-8"?>
<beans xmlns="http://www.springframework.org/schema/beans"
       xmlns:context="http://www.springframework.org/schema/context"
       xmlns:xsi="http://www.w3.org/2001/XMLSchema-instance"
       xsi:schemaLocation="http://www.springframework.org/schema/beans
    http://www.springframework.org/schema/beans/spring-beans.xsd http://www.springframework.org/schema/context
    http://www.springframework.org/schema/context/spring-context.xsd">

    <!-- Pour info, on l'a appelé context, on aurait pu l"appeler toto -->
    <context:annotation-config/>

    <!-- je reférence les clés liés à mes @Value ici -->
    <context:property-placeholder location="classpath:application.properties"/>

    <bean class="org.mycompany.bluraystore.controller.MovieController">
    </bean>

    <bean id="service" class="org.mycompany.bluraystore.service.DefaultMovieService">
    </bean>

    <bean id="repository" class="org.mycompany.bluraystore.repository.FileMovieRepository">
        <!-- Voir @Value dans  FileMovieRepository-->
        <!-- Crééz application.properties -->
        <!-- Faire référence à ce fichier au dessus -->
        <!-- <property name="file" value="/Users/samihhabbani/Documents/spring_boot/movies.csv"/> -->
    </bean>
    

</beans>