<?xml version="1.0" encoding="UTF-8"?>
<beans xmlns="http://www.springframework.org/schema/beans"
       xmlns:context="http://www.springframework.org/schema/context"
       xmlns:xsi="http://www.w3.org/2001/XMLSchema-instance"
       xsi:schemaLocation="http://www.springframework.org/schema/beans
    http://www.springframework.org/schema/beans/spring-beans.xsd http://www.springframework.org/schema/context
    http://www.springframework.org/schema/context/spring-context.xsd">

    <context:annotation-config/>
    <context:property-placeholder location="classpath:application.properties"/>
    <!-- a partir d'ou le scan démarre -->
    <context:component-scan base-package="com.company.invoice.controller.web"/>
    <context:component-scan base-package="com.company.invoice.service.prefix"/>
    <context:component-scan base-package="com.company.invoice.repository.memory"/>


    <!-- je peux utiliser les annotations pour instancier mes classes voir InvoiceControllerWeb @Component -->

    <!-- <bean class="com.company.invoice.service.prefix.InvoiceServicePrefix">

    </bean> -->

    <!--<bean class="com.company.invoice.controller.web.InvoiceControllerWeb">
    </bean>-->

    <!--<bean class="com.company.invoice.repository.database.InvoiceRepositoryDataBase"/>-->
    

</beans>